ISO 639-3,Language,Filename,WALS 116A,WALS 116A: Pages,WALS 116A: PDF Pages,GB 107,GB 107: Pages,GB 107: PDF Pages,WALS 81A,WALS 81A: Pages,WALS 81A: PDF Pages,Title,Family,Subfamily,Genus,Macroarea,Author,Year,Pages,Type
spp,Supyire,carlson1994grammar,Clause-initial question particle,527-529,550-552,1,376-397,399-420,SOV,238,261,A Grammar of Supyire,Niger-Congo,,Senufo,Africa,"Carlson, Robert",1990,1048,grammar
djm,Jamsay,heath2008grammar,Clause-final question particle,460-463,482-485,1,"11, 366-371","33, 388-393",SOV,17,39,A grammar of Jamsay,Dogon,,Dogon,Africa,"Heath, Jeffrey",2008,755,grammar
mhi,Ma'di,blackings2003grammar,Tone,"25, 425, 631-632","41, 443, 649-650",0,"20-21, 466-474","36-37, 484-492",No dominant order,15,31,A Grammar of Ma'di,Central Sudanic,,Moru-Ma'di,Africa,"Blackings, Mairi and Fabb, Nigel",2003,750,grammar
dba,Bangime,hantgan2013aspects,Clause-final question particle,437,457,1,314-320 (negation has an impact on tone assignment),334-340,No dominant order,257,277,"Aspects of Bangime Phonology, Morphology, and Morphosyntax",Bangime,,Bangime,Africa,"Hantgan, Abbie",2013,550,grammar
guk,Gumuz,ahland2012grammar,"Clause-final question particle, Interrogative intonation only","207, 242 (also omission of affirmative morpheme, not obligatory)","236, 271",1,209,238,SVO,409,438,A grammar of Northern and Southern Gumuz,Gumuz,,Gumuz,Africa,"Ahland, Colleen Anne",2012,506,grammar
khq,Koyra Chiini,heath1999grammar,"Clause-initial question particle, Interrogative intonation only",175,191,0,"11, 162","27, 178",SVO,11,27,A Grammar of Koyra Chiini: The Songhay of Timbuktu,Songhay,,Songhay,Africa,"Heath, Jeffrey",1999,467,grammar
sif,Seme,toews2015topics,Clause-final question particle,70,92,0,69,91,SOV,11,33,Topics in Siamou tense and aspect,Siamou,,Siamou,Africa,"Toews, Carmela I. P.",2015,432,grammar
tms,Tima,mubarak2009tima,Not mentioned in the grammar,,,1,"40, 255-257","61, 276-278",SVO,209,230,Tima Word Structure (Noun and Verb),Kordofanian,,Katla-Tima,Africa,"Alamin Mubarak, Suzan",2009,344,grammar
knw,!Xun (Ekoka),heine2015xun,"Clause-final question particle, Second position question particle",245-246,126-127,1,"77-79 (negation markers are clitics, albeit not glossed as clitics)",39-40,SVO,29,15,The !Xun Language: A Dialect Grammar of Northern Khoisan,Kxa,,Ju-Kung,Africa,"Heine, Bernd and König, Christa",2015,342,grammar
xtc,Katcha,turner2016morphosyntax,Not mentioned in the grammar,,,0,"118, 212","137, 231",No dominant order,"134, 154","153, 173",Morphosyntax of Katcha nominals: a Dynamic Syntax account,Kadu,,Kadugli,Africa,"Turner, Darryl John",2016,289,grammar_sketch;specific_feature
ijc,Ijo (Kolokuma),williamson1965grammar,Tone,76-77,42,1,74-75,41,SOV,"33-35, 71","20-21, 39",A Grammar of the Kolokuma Dialect of Ịjọ,Ijoid,,Ijoid,Africa,"Williamson, Kay",1965,134,grammar
ema,Emai,schaefer2017grammar,Interrogative intonation only,9,35,1,"15-20, 99-100, 104-105 (negation has an impact on tone assignment)","41-46, 125-126, 130-131",SVO,9,35,A grammar of Emai,Niger-Congo,Benue-Congo,Edoid,Africa,"Schaefer, Ronald P. and Egbokhare, Oisaghaede Francis",2017,1019,grammar
ikx,Ik,schrock2014grammar,"Interrogative verb morphology, Tone",526-529,558-561,1,360-361,392-393,VSO,20,52,A grammar of Ik (Icé-tód): Northeast Uganda's last thriving Kuliak language,Eastern Sudanic,,Kuliak,Africa,"Schrock, Terrill",2014,747,grammar
niy,Ngiti,kutsch1994ngiti,"Clause-initial question particle, Second position question particle, Tone",379-380,389-390,0,242,254,No dominant order,"232, 269, 274","244, 281, 286",Ngiti: A Central-Sudanic Language of Zaire,Central Sudanic,,Lendu,Africa,"Kutsch Lojenga, Constance",1994,531,grammar
sid,Sidaama,kawachi2007grammar,Interrogative intonation only,"9, 72-73","30, 93-94",1,286-290,307-311,SOV,511,532,A Grammar of Sidaama (Sidaamo): A Cushitic Language of Ethiopia,Afro-Asiatic,Cushitic,Highland East Cushitic,Africa,"Kawachi, Kazuhiro",2007,842,grammar
muz,Mursi,worku2020grammar,Interrogative intonation only,529-531,552-554,1,534-549,557-572,SVO,455,478,"A grammar of Mursi, a Nilo-Saharan language",Eastern Sudanic,Surmic,South Surmic,Africa,"Worku, Firew Girma",2020,689,grammar
mpe,Majang,joswig2019majang,"Clause-final question particle, Clause-medial question particle, Tone",382-385,388-391,1,378-379,384-385,VSO,126,132,The Majang Language,Eastern Sudanic,Surmic,Majang,Africa,"Joswig, Andreas",2019,542,grammar
bvq,Birri,santandrea1966birri,Not mentioned in the grammar,,,0,207,38,Not mentioned in the grammar,,,The Birri Language: Brief Elementary Notes,Central Sudanic,,Birri,Africa,"Santandrea, Stefano",1966,154,grammar_sketch
taq,Tamashek,heath2005grammar,"Clause-initial question particle, Interrogative intonation only",649,668,1,"301, 309-310 (ablaut)","320, 328-329",VSO,16,35,A grammar of Tamashek (Tuareg of Mali),Afro-Asiatic,,Berber,Africa,"Heath, Jeffrey",2005,763,grammar
cop,Coptic,reintges2018coptic,"Clause-initial question particle, Interrogative intonation only",149-151,83-84,1,338-339,234,SVO,371,250,Coptic Egyptian (Sahidic Dialect): A Learner's Grammar,Afro-Asiatic,,Egyptian-Coptic,Africa,"Reintges, C. H.",2018,646,grammar
ibo,Igbo,emenanjo2015grammar,Tone,"308, 392","343, 427",1,466,501,SVO,30,65,A Grammar of Contemporary Igbo,Niger-Congo,Benue-Congo,Igboid,Africa,"Emenanjo, Nolue Emmanuel",2015,672,grammar
mcs,Mambai,anonby2008phonology,Clause-final question particle,433-434 (error in Grambank?),450,0,357-360,374-377,SVO,431,448,"Phonology and Morphology of Mambay (Niger-Congo, Adamawa)",Niger-Congo,Adamawa-Ubangi,Mbumic,Africa,"Anonby, Erik John",2008,592,grammar
tbi,Ingessana,stirtz2012lot,Clause-final question particle,"295, 311","296, 312",0,279,280,SVO,282,283,"A grammar of Gaahmg, a Nilo-Saharan language of Sudan",Eastern Sudanic,,Eastern Jebel,Africa,"Stirtz, Timothy",2012,350,grammar
gow,Gorowa,harvey2018gorwaa,Clause-initial question particle,184-185,184-185,1,182-183,182-183,SOV,172,172,The Gorwaa noun: Toward a description of the Gorwaa language,Afro-Asiatic,Cushitic,Southern Cushitic,Africa,"Harvey, Andrew",2018,564,grammar_sketch;specific_feature
shj,Shatt,alfira2016caning,Not mentioned in the grammar,,,0,Not mentioned in the grammar,,Not mentioned in the grammar,,,Caning Grammar Book,Eastern Sudanic,,Daju,Africa,"Alfira, David Abbi and Kafi, Timothy Kuku and Kaki, Hassan Kuwa and Hasan, Ali Alaliim and Anjo, Anjo Kuku and Jas, Dayan Kuku and Sarukh, Sadik Kafi",2016,270,grammar
kfz,Koromfe,rennison1997koromfe,Clause-final question particle,"12-14, 434","47-48, 469",1,98-99,133-134,SVO,150,185,Koromfe,Niger-Congo,Gur,Koromfe,Africa,"Rennison, John R.",1997,575,grammar
fia,Nobiin,bechhaus2011hi,Interrogative verb morphology,100-102,100-102,1,122-123 (can be either free or bound),122-123,SOV,212,212,The (Hi)story of Nobiin - 1000 years of language change,Eastern Sudanic,,Nubian,Africa,"Bechhaus-Gerst, Marianne",2011,252,grammar_sketch;comparative
nyi,Nyimang,stevenson1938grammar,Not mentioned in the grammar,,,0,116,128,Not mentioned in the grammar,,,A grammar of the Nyimang language (Nuba Mountains),Eastern Sudanic,,Nyimang,Africa,"Stevenson, Roland C.",1938,195,grammar
lme,Lamé,shay2019grammar,Clause-final question particle,226-227,242-243,0,236-240,252-256,SVO,"118, 124","134, 140",A Grammar of Pévé,Afro-Asiatic,Chadic,Masa,Africa,"Shay, Erin",2019,383,grammar
gup,Bininj Gun-Wok,evans2003bininj,"Clause-initial question particle, Interrogative intonation only",607-608,637-638,0,604-605,634-635,No dominant order,549-551,579-581,"Bininj Gun-Wok: A Pan-dialectal Grammar of Mayali, Kunwinjku and Kune",Gunwinyguan,,Marne,Australia,"Evans, Nicholas",2003,775,grammar
wmb,Wambaya,nordlinger1998grammar,"Interrogative intonation only, Interrogative verb morphology, Second position question particle",197-198,215-216,0,200,218,No dominant order,"2, 173","20, 191",A Grammar of Wambaya,Mirndi,,Wambayan,Australia,"Nordlinger, Rachel",1993,684,grammar
wrr,Wardaman,merlan1994grammar,Not mentioned in the grammar,,,0,186-187,210-211,No dominant order,248-249,272-273,A Grammar of Wardaman: A Language of the Northern territory of Australia,Yangmanic,Gunwinyguan,Yangmanic,Australia,"Merlan, Francesca C.",1994,633,grammar
gni,Gooniyandi,mcgregor1990functional,No interrogative-declarative distinction,369-371,353-355,0,488-489,472-473,No dominant order,3,16,A Functional Grammar of Gooniyandi,Bunuban,,Bunuban,Australia,"McGregor, William",1990,618,grammar
tiw,Tiwi,lee1987tiwi,"Clause-final question particle, Interrogative intonation only",290,298,0,287-289,295-297,SVO,15-16,23-24,Tiwi Today: a study of language change in a contact situation,Tiwian,,Tiwian,Australia,"Lee, Jennifer R.",1983,605,grammar
nck,Nakkara,eather1990grammar,Not mentioned in the grammar,,,1,189-190,210-211,Not mentioned in the grammar,,,A Grammar of Nakkara (Central Arnhem Land Coast),Mangrida,,Nakkara,Australia,"Eather, Bronwyn",1990,514,grammar
wrk,Garrwa,mushin2012grammar,"Interrogative intonation only, Second position question particle",286,304,0,280-283,298-301,No dominant order,263,281,A grammar of (Western) Garrwa,Garrwan,,Garrwan,Australia,"Mushin, Ilana",2012,491,grammar
nam,Ngankikurungkurr,reid2011ngan,Not mentioned in the grammar,,,0,"250, 353, 354 (negative particle)","276, 379, 380",No dominant order,327,353,"Ngan'gityemerri: A Language of the Daly River Region, Northern territory of Australia",Southern Daly,,Ngankikurungkurr,Australia,"Reid, Nicholas J.",1990,482,grammar
waq,Wagiman,cook1987wagiman,Not mentioned in the grammar,,,0,271,290,No dominant order,292-298,311-317,Wagiman matyin: a description of the wagiman language of the Northern Territory,Wagiman,,Wagiman,Australia,"Cook, Anthony R.",1987,389,grammar
aii,Neo-Aramaic (Assyrian),khan2008neo,"Clause-initial question particle, Interrogative verb morphology","627, 631, 1021","666, 670, 1060",1,194,233,SOV,879,918,The Neo-Aramaic Dialect of Barwar,Afro-Asiatic,,Semitic,Eurasia,"Khan, Geoffrey",2008,2236,grammar;text;dictionary
eng,English,huddleston2005cambridge,"Interrogative intonation only, Interrogative word order","868, 890","888, 910",1,799-801,819-821,SVO,53,73,The Cambridge grammar of the English language,Indo-European,,Germanic,Eurasia,"Huddleston, Rodney D. and Pullum, Geoffrey K.",2002,1859,grammar
kor,Korean,martin1992reference,Clause-final question particle,"20, 21","28, 29",1,315,311,SOV,"283, 297","279, 293",A Reference Grammar of Korean: A Complete Guide to the Grammar and History of the Korean Language,Korean,,Korean,Eurasia,"Martin, Samuel E.",1992,1042,grammar
eus,Basque,hualde2003grammar,Interrogative intonation only,467-469,497-499,0,518,548,SOV,78,108,A Grammar of Basque,Basque,,Basque,Eurasia,"Hualde, José I. and de Urbina, Jon Ortiz",2003,976,grammar
mal,Malayalam,syamala1981intensive,Interrogative verb morphology,60-61,90-91,1,326,356,Not mentioned in the grammar,,,An intensive course in Malayalam,Dravidian,,Dravidian,Eurasia,"Kumari, B. Syamala",1981,933,grammar
ium,Iu Mien,arisawa2016iu,Clause-final question particle,664,700,0,648-651,684-687,No dominant order,"3-4, 224-225","39-40, 260-261",An Iu Mien Grammar: A Tool for Language Documentation and Revitalisation,Hmong-Mien,,Mienic,Eurasia,"Arisawa, Tatsuro Daniel",2016,924,grammar
sza,Semelai,kruspe2004grammar,"Clause-final question particle, Clause-initial question particle, Clause-medial question particle, Interrogative intonation only",325-326,353-354,0,316-320,344-348,No dominant order,5,33,Semelai,Austro-Asiatic,Mon-Khmer,Aslian,Eurasia,"Kruspe, Nicole D.",1999,755,grammar
yux,Yukaghir (Kolyma),maslova2003grammar,Interrogative intonation only,475,495,1,491-492,511-512,SOV,"9, 341-342","29, 361-362",A grammar of Kolyma Yukaghir,Yukaghir,,Yukaghir,Eurasia,"Maslova, Elena",1999,726,grammar
kat,Georgian,hewitt1995georgian,Interrogative intonation only,565,584,0,571,590,No dominant order,528,547,Georgian: A Structural Reference Grammar,Kartvelian,,Kartvelian,Eurasia,"Hewitt, George B.",1995,726,grammar
alr,Alutor,kibrik2004language,Not mentioned in the grammar,,,1,64-67,64-67,No dominant order,123,123,Language and folklore of the Alutor people,Chukotko-Kamchatkan,,Northern Chukotko-Kamchatkan,Eurasia,"Kibrik, Aleksandr E. and Kodzasov, Sandro V. and Muravyova, Irina A.",2004,687,grammar_sketch;text;dictionary
tha,Thai,campbell1957fundamentals,Clause-final question particle,86-88,101-103,0,"16, 73-74","31, 88-89",SVO,3,18,The fundamentals of the Thai language,Tai-Kadai,,Kam-Tai,Eurasia,"Campbell, Stuart and Shaweevongse, Chaun",1957,632,grammar
nio,Nganasan,wagner2018grammar,"Interrogative intonation only, Interrogative verb morphology","247, 379-380","266, 398-399",0,405,424,SOV,388,407,A grammar of Nganasan,Uralic,,Samoyedic,Eurasia,"Wagner-Nagy, Beáta Boglárka",2019,602,grammar
niv,Nivkh (South Sakhalin),vajda2006mattissen,Clause-final question particle,113,124,1,24-25,35-36,SOV,101,112,Dependent-Head Synthesis in Nivkh: A contribution to a typology of polysynthesis,Nivkh,,Nivkh,Eurasia,"Mattissen, Johanna",2003,360,grammar
anq,Jarawa (in Andamans),kumar2012descriptive,Clause-initial question particle,170-172,188,1,163-166,181-184,SOV,204,222,Descriptive and typological study of Jarawa,South Andamanese,,South Andamanese,Eurasia,"Kumar, Pramod",2012,357,grammar
nll,Nahali,nagaraja2014nihali,Not mentioned in the grammar,,,1,75-82,86-93,SOV,108,119,"The Nihali Language (Grammar, Texts, Vocabulary)",Nahali,,Nahali,Eurasia,"Nagaraja, K. S.",2014,344,grammar
kgg,Kusunda,watters2006notes,Not mentioned in the grammar,,,1,72,72,SOV,21,21,Notes on Kusunda Grammar: A Language Isolate of Nepal,Kusunda,,Kusunda,Eurasia,"Watters, David E.",2006,182,grammar
ude,Udihe,nikolaeva2001grammar,Interrogative intonation only,807,843,0,"214, 818-838","248, 854-874",SOV,840,876,A Grammar of Udihe,Altaic,,Tungusic,Eurasia,"Nikolaeva, Irina and Tolskaya, Maria",2001,1002,grammar
inh,Ingush,nichols2011ingush,Interrogative verb morphology,709,733,1,693,716,No dominant order,673,696,Ingush Grammar,Nakh-Daghestanian,,Nakh,Eurasia,"Nichols, Johanna",2011,824,grammar
lez,Lezgian,haspelmath1993grammar,"Clause-initial question particle, Interrogative verb morphology","417-420, 429","437-440, 449",1,133,153,SOV,"5, 298","25, 318",A Grammar of Lezgian,Nakh-Daghestanian,Daghestanian,Lezgic,Eurasia,"Haspelmath, Martin",1993,587,grammar
adl,Galo,post2007grammar,"Clause-final question particle, Clause-medial question particle",651-655,651-655,1,570,570,SOV,690,690,A Grammar of Galo,Sino-Tibetan,Tibeto-Burman,Tani,Eurasia,"Post, Mark",2007,947,grammar
esu,Yup'ik (Norton Sound),miyaoka2012grammar,"Interrogative intonation only, Second position question particle",168-170,220-222,1,1272-1285,1324-1337,SOV,179-181,231-233,A grammar of Central Alaskan Yupik: An Eskimo Language,Eskimo-Aleut,,Eskimo,North America,"Miyaoka, Osahito",2012,1709,grammar
yuk,Yuki,balodis2011yuki,Interrogative verb morphology,405-406,433-434,1,268-269,296-297,No dominant order,393-397,421-425,Yuki Grammar in its Areal Context with sketches of Huchnom and Coast Yuki,Wappo-Yukian,,Yuki,North America,"Balodis, Uldis Ivars Jānis",2011,1053,grammar;text
ppl,Pipil,campbell1985pipil,Interrogative intonation only,114,128,0,941,957,No dominant order,101-109,115-123,The Pipil Language of El Salvador,Uto-Aztecan,,Aztecan,North America,"Campbell, Lyle",1985,971,grammar
mic,Micmac,fidelholtz1968micmac,Not mentioned in the grammar,,,1,192-193,192-193,VOS,251-252,251-252,Micmac morphophonemics,Algic,,Algonquian,North America,"Fidelholtz, James L.",1968,808,grammar_sketch;specific_feature
tee,Tepehua (Huehuetla),kung2007descriptive,"Clause-initial question particle, Interrogative intonation only",564-567,589-592,0,578-584,603-609,No dominant order,541,566,A Descriptive Grammar of Huehuetla Tepehua,Totonacan,,Totonacan,North America,"Kung, Susan Smythe",2007,750,grammar
hur,Musqueam,galloway1977grammar,"Clause-medial question particle, Interrogative verb morphology",482-484,506-508,0,151-153,175-177,VSO,"139, 149","163, 173",A Grammar of Chilliwack Halkomelem,Salishan,,Central Salish,North America,"Galloway, Brent Douglas",1977,722,grammar
oma,Omaha,awakuni2018omaha,Clause-final question particle,328,399,1,331 (ablaut),402,SOV,247,318,The Omaha Language and the Omaha Way: An Introduction to Omaha Language and Culture,Siouan,,Mississippi Valley Siouan,North America,"Awakuni-Swetland, Mark and Canby, Alberta Grant and Sanchez, Emmaline Walker and Larson, Rory and Walker, Arlene and Black, Delores and Krug, Aubrey Streit and Frerichs, Loren H.",2018,707,grammar
was,Washo,jacobsen1964grammar,Interrogative verb morphology,"598, 638","616, 656",1,621,639,SOV,"399-400, 455","417-418, 473",A Grammar of the Washo Language,Washo,,Washo,North America,"Jacobsen and Jr. and H., William",1964,701,grammar
cku,Koasati,kimball1991koasati,Interrogative verb morphology,229-232,249-252,1,196-198,216-218,SOV,513,533,Koasati Grammar,Muskogean,,Muskogean,North America,"Kimball, Geoffrey D.",1991,666,grammar
boi,Chumash (Barbareño),wash2001adverbial,Not mentioned in the grammar,,,1,49,71,VOS,69,91,Adverbial Clauses in Barbareño Chumash Narrative Discourse,Chumash,,Chumash,North America,"Wash, Suzanne Maria",2001,591,grammar_sketch
yuc,Yuchi,linn2001grammar,"Clause-initial question particle, Interrogative intonation only, Second position question particle","456, 466-467","478, 488-489",1,480,502,SOV,449,471,A grammar of Euchee (Yuchi),Yuchi,,Yuchi,North America,"Linn, Mary Sarah",2001,564,grammar
aes,Alsea,frachtenberg1918alsea,Interrogative verb morphology,338,343,0,47,58,Not mentioned in the grammar,,,Alsea Grammar,Oregon Coast,,Alsea,North America,"Frachtenberg, Leo Joachim",1918,431,grammar
ari,Arikara,parks1979introduction,Interrogative verb morphology,"250, 403","235, 383",1,143-144,132-133,No dominant order,68,76,An introduction to the Arikara language,Caddoan,,Northern Caddoan,North America,"Parks, Douglas and Beltran, Janet and Waters, Ella",1979,422,grammar
tkm,Takelma,sapir1912takelma,Second position question particle,"16, 277","22, 283",0,199-201,205-207,Not mentioned in the grammar,,,The Takelma Language of Southwestern Oregon,Takelma,,Takelma,North America,"Sapir, Edward",1909,304,grammar
tow,Jemez,yumitani1998phonology,Second position question particle,141-145,158-162,1,"147, 188","164, 205",Not mentioned in the grammar,,,A Phonology and Morphology of Jemez Towa,Kiowa-Tanoan,,Kiowa-Tanoan,North America,"Yumitani, Yukihiro",1998,298,grammar
zun,Zuni,nichols1997topics,Not mentioned in the grammar,,,1,"11, 22, 25","25, 36, 39",SOV,6,20,Topics in Zuni Syntax,Zuni,,Zuni,North America,"Nichols, Lynn",1997,289,grammar
rma,Rama,grinevald1990grammar,Not mentioned in the grammar,,,1,185,193,SOV,"33, 115","41, 123",A Grammar of Rama,Chibchan,,Rama,North America,"Grinevald, Colette G.",no date,284,grammar
tqw,Tonkawa,hoijer1933tonkawa,Interrogative verb morphology,89,99,1,82,92,SOV,26,36,Tonkawa,Tonkawa,,Tonkawa,North America,"Hoijer, Harry",1933-1938,148,grammar
tun,Tunica,haas1940tunica,Interrogative verb morphology,118,117,1,54-55,53-54,SOV,98-99,97-98,Tunica,Tunica,,Tunica,North America,"Haas, Mary R.",1941,143,grammar
wao,Wappo,radin1929grammar,Not mentioned in the grammar,,,1,"35, 139, 149","44, 148, 158",Not mentioned in the grammar,,,A Grammar of the Wappo Language,Wappo-Yukian,,Wappo,North America,"Radin, Paul",1929,202,grammar
ute,Ute,sapir1992southern,Clause-medial question particle,"110, 116","110, 116",1,271,271,Not mentioned in the grammar,,,Southern Paiute and Ute Linguistics and Ethnography,Uto-Aztecan,,Northern Uto-Aztecan,North America,"Sapir, Edward",1992 [1930],932,grammar;text;dictionary
yur,Yurok,garrett2014basic,"Clause-final question particle, Clause-medial question particle, Second position question particle","92, 94","123, 125",0,79-84,110-115,No dominant order,89-90,120-121,Basic Yurok grammar,Algic,,Yurok,North America,"Garrett, Andrew",2014,341,grammar
nuk,Nuuchahnulth,davidson2002studies,Interrogative verb morphology,287-288,303-304,1,155-156,171-172,No dominant order,109-110,125-126,Studies in Wakashan (Nootkan) Grammar,Wakashan,,Southern Wakashan,North America,"Davidson, Matthew",2002,488,grammar
col,Columbia-Wenatchi,willett2003grammatical,"Clause-final question particle, Clause-initial question particle",324-325 (Grambank: overlooked clause-final position),337-338,0,322,335,VOS,94-95,107-108,A Grammatical Sketch of Nxa'amxcin (Moses-Columbia Salish),Salishan,,Interior Salish,North America,"Willett, Marie Louise",2003,476,grammar
hid,Hidatsa,park2012grammar,Interrogative verb morphology,239-240,262-263,1,198,221,SOV,378,401,A grammar of Hidatsa,Siouan,,Missouri River Siouan,North America,"Park, Indrek",2012,580,grammar
mlu,Toqabaqita,lichtenberk2008grammar,Interrogative intonation only,791,844,0,734,787,SVO,43-44,72-73,A grammar of Toqabaqita,Austronesian,Eastern Malayo-Polynesian,Oceanic,Papunesia,"Lichtenberk, Frantisek",2008,1408,grammar
ahh,Aghu,van2016aghu,Clause-final question particle,"124, 298","142, 316",1,117,135,SOV,275-278,293-296,Aghu: annotated texts with grammatical introduction and vocabulary lists,Trans-New Guinea,Awyu-Ok,Awju,Papunesia,"van den Heuvel, Wilco",2016,859,grammar;text;dictionary
mle,Manambu,aikhenvald2008manambu,Interrogative intonation only,"224, 530","251, 557",1,"250-253, 298-300",277-280,SOV,535,562,"The Manambu language of East Sepik, Papua New Guinea",Sepik,,Ndu,Papunesia,"Aikhenvald, Alexandra Y.",2008,727,grammar
fqs,Momu,honeyman2016grammar,Clause-final question particle,349-352,377-380,1,413-414,441-442,SOV,28,56,"A grammar of Momu, a language of Papua New Guinea",Baibai-Fas,,Baibai-Fas,Papunesia,"Honeyman, Thomas",2017,700,grammar
mkz,Makasae,huber2011grammar,"Clause-final question particle, Interrogative intonation only",438-442,463-467,0,366-367,391-392,SOV,"24, 26","49, 51",A grammar of Makalero: A Papuan language of East Timor,Greater West Bomberai,Timor-Alor-Pantar,East Timor,Papunesia,"Huber, Juliette",2011,700,grammar
siw,Motuna,onishi1994grammar,Interrogative intonation only,33-35,62-64,0,285,314,No dominant order,60-61,89-90,"A Grammar of Motuna (Bougainville, Papua New Guinea)",South Bougainville,,South Bougainville,Papunesia,"Onishi, Masayuki",2011,593,grammar
lvk,Lavukaleve,terrill1999grammar,"Clause-final question particle, Clause-medial question particle",408-409,434-435,1,460,486,SOV,13,39,A Grammar of Lavukaleve,Solomons East Papuan,,Lavukaleve,Papunesia,"Terrill, Angela",2003,585,grammar
kbv,Dla (Menggwa),de2006menggwa,"Clause-final question particle, Interrogative intonation only",363-366,377-380,1,138-139,152-153,No dominant order,259,273,The Menggwa Dla language of New Guinea,Senagi,,Senagi,Papunesia,"de Sousa, Hilário",2006,569,grammar
duc,Duna,san2008introduction,Not mentioned in the grammar,,,1,301,330,SOV,107-109,136-138,An introduction to Duna grammar,Duna-Bogaya,,Duna,Papunesia,"San Roque, Lila",2008,528,grammar
tuh,Taulil,meng2018grammar,Interrogative intonation only,27-31,59-63,0,255,287,SVO,63,95,A grammar of Tulil,Taulil,,Taulil,Papunesia,"Meng, Chenxi",2018,516,grammar
gpn,Taiap,kulick2019grammar,"Clause-final question particle, Clause-medial question particle",96-97,116-117,0,138-144,158-164,SOV,250-251,270-271,A Grammar and Dictionary of Tayap: The Life and Death of a Papuan Language,Taiap,,Taiap,Papunesia,"Kulick, Don and Terrill, Angela",2019,516,grammar;dictionary
yee,Yimas,foley1991yimas,"Clause-final question particle, Interrogative intonation only",268-269,284-285,1,251,267,No dominant order,4,20,The Yimas Language of New Guinea,Ramu-Lower Sepik,,Lower Sepik,Papunesia,"Foley, William A.",1991,506,grammar
kcd,Kanum (Ngkâlmpw),carroll2016ngkolmpu,Not mentioned in the grammar,,,0,"passim: 124, 362, 377, 384, 387","152, 390, 405, 412, 415",No dominant order,132 // pragmatically neutral (if it is even a thing),160,The Ngkolmpu Language with special reference to distributed exponence,Yam,,Kanum,Papunesia,"Carroll, Matthew",2017,428,grammar
ayz,Maybrat,dol2007grammar,Clause-final question particle,177-179,195-197,0,167-174 (error in Grambank?),185-192,SVO,143,161,"A Grammar of Maybrat: a language of Bird's Head, Irian Jaya, Indonesia",Maybrat,,Maybrat,Papunesia,"Dol, Philomena Hedwig",1999,405,grammar
cns,Asmat,voorhoeve1965flamingo,Clause-final question particle,"92, 106-108, 173","104, 118-120, 185",0,165-168,177-180,Not mentioned in the grammar,,,The Flamingo Bay Dialect of the Asmat Language,Asmat-Kamrau Bay,,Asmat-Kamrau Bay,Papunesia,"Voorhoeve, Clemens L.",1965,367,grammar;text
kto,Kuot,lindstrom2002topics,Interrogative intonation only,14,35,0,10-11,31-32,VSO,22,43,Topics in the Grammar of Kuot,Kuot,,Kuot,Papunesia,"Lindström, Eva",2002,264,grammar
imn,Imonda,seiler1985imonda,"Clause-final question particle, Clause-initial question particle, Clause-medial question particle",174,180,1,170-173,176-179,No dominant order,179,185,"Imonda, a Papuan Language",Border,,Border,Papunesia,"Seiler, Walter",1985,262,grammar
nir,Nimboran,anceaux1965nimboran,Not mentioned in the grammar,,,0,Not mentioned in the grammar,,Not mentioned in the grammar,,,The Nimboran Language,Nimboran,,Nimboran,Papunesia,"Anceaux, Johannes Cornelis",1965,257,grammar
kgr,Abun,berry1999description,"Clause-final question particle, Clause-initial question particle",46,58,0,132-145,144-157,SVO,4,16,A description of Abun: a West Papuan language of Irian Jaya,Abun,,Abun,Papunesia,"Berry, Keith and Berry, Christine",1999,248,grammar
ulk,Meryam Mir,piper1989sketch,Interrogative intonation only,192,203,0,195,206,SOV,183,194,A Sketch Grammar of Meryam Mer,Eastern Trans-Fly,,Eastern Trans-Fly,Papunesia,"Piper, Nick",2013 [1989],240,grammar_sketch
had,Hatam,reesink1999grammar,"Clause-final question particle, Interrogative intonation only",68 (one of the clause-final markers is for leading questions),84,0,96-97,112-113,SVO,"78, 89","94, 105",A Grammar of Hatam: Bird's Head Peninsula Irian Jaya,Hatim-Mansim,,Hatim-Mansim,Papunesia,"Reesink, Ger P.",1999,230,grammar
kwo,Kwomtari,honsberger2008kwomtari,"Clause-final question particle, Clause-medial question particle",168,178,1,107,117,SOV,14,24,Kwomtari Phonology and Grammar Essentials,Kwomtari,,Kwomtari,Papunesia,"Honsberger, Murray and Honsberger, Carol and Tupper, Ian",2008,197,grammar
szp,Inanwatan,de2004short,"Clause-final question particle, Interrogative intonation only",49-50,62-63,1,39-40 (error in Grambank?),52-53,No dominant order,52-53,65-66,"A short grammar of Inanwatan: an endangered language of the Bird's head of Papua, Indonesia",South Bird's Head,,Inanwatan,Papunesia,"de Vries, Lourens J.",2004,168,grammar_sketch
tmu,Iau,bateman2003grammatical,"Clause-final question particle, Tone",110-111,110-111,0,38-39,38-39,No dominant order,92,92,Grammatical Overview of Iau Revision 3,Lakes Plain,,Central Tariku,Papunesia,"Bateman, Janet",2021,136,grammar_sketch
yuj,Karkar-Yuri,rigden1978karkar,Not mentioned in the grammar,,,1,24,32,SOV,"92, 94","100, 102",Karkar Grammar Essentials,Pauwasi,,Eastern Pauwasi,Papunesia,"Rigden, Veda",no date,132,grammar_sketch
yle,Yelî Dnye,henderson1995phonology,Interrogative intonation only,19,27,1,55-57,63-65,SOV,14,22,"Phonology and Grammar of Yele, Papua New Guinea",Yele,,Yele,Papunesia,"Henderson, James",1995,118,grammar_sketch
set,Sentani,mayer2021grammar,Interrogative intonation only,68,69,1,53,54,SOV,47-48,48-49,A grammar sketch of Sentani,Sentanic,,Sentanic,Papunesia,"Mayer, Clemens J.",2021,105,grammar_sketch
akc,Mpur,ode2002sketch,Clause-final question particle,"51, 68","7, 24",0,79,35,SVO,"47, 54","3, 10",A Sketch of Mpur,Mpur,,Mpur,Papunesia,"Odé, Cecilia",2002,63,grammar_sketch
nux,Mehek,hatfield2016grammar,Clause-final question particle,299,315,0,319-331,335-347,SOV,Abstract,16,A grammar of Mehek,Sepik,,Tama Sepik,Papunesia,"Hatfield, Adam",2016,644,grammar
abz,Abui,kratochvil2007grammar,Not mentioned in the grammar,,,0,276-278,299-301,SOV,"11, 18","34, 41",A Grammar of Abui: A Papuan Language of Alor,Greater West Bomberai,Timor-Alor-Pantar,Alor-Pantar,Papunesia,"Kratochvíl, František",2007,560,grammar
aah,Arapesh (Abu),nekitel1985sociolinguistic,"Clause-final question particle, Interrogative intonation only","55, 99","69, 113",0,101,115,SVO,94,108,"Sociolinguistic Aspects of Abu', a Papuan Language of the Sepik Area, Papua New Guinea",Torricelli,,Kombio-Arapesh,Papunesia,"Nekitel, Otto",1985,314,grammar
kpr,Korafe,farr1999interface,"Clause-final question particle, Interrogative intonation only",147-150,167-170,1,137,157,SOV,15,35,The interface between syntax and discourse in Korafe: a Papuan language of Papua New Guinea,Trans-New Guinea,Greater Binanderean,Binanderean,Papunesia,"Farr, Cynthia J. M.",1996,671,grammar
amp,Alamblak,bruce1979grammar,Interrogative intonation only,107-110,117-120,1,"297-299 (apart from the negative particle, the irrealis affix on the verb is mandatory) ",307-309,SOV,"3, 293","13, 303",A Grammar of Alamblak (Papua New Guinea),Sepik,,Sepik Hill,Papunesia,"Bruce and Jr. and P., Leslie",1979,572,grammar
ksi,I'saka,donohue2004saka,Not mentioned in the grammar,,,0,82,100,SOV,85,103,I'saka: a sketch grammar of a language of north-central New Guinea,Skou,,Krisa,Papunesia,"Donohue, Mark and San Roque, Lila",2004,148,grammar
uri,Urim,hemmila1987urim,Clause-final question particle,"42, 65, 78, 89, 138","42, 65, 78, 89, 138",0,75-77,75-77,SVO,169,169,Urim grammar,Torricelli,,Urim,Papunesia,"Hemmilä, Ritva and Luoma, Pirkko",1987,267,grammar
aau,Abau,lock2011abau,"Clause-final question particle, Clause-medial question particle",286-287,300-301,0,238-241,252-255,SOV,201,215,Abau grammar,Sepik,,Abau,Papunesia,"Lock, Arnold",2011,495,grammar
cha,Chamorro,chung2020chamorro,"Clause-initial question particle, Interrogative intonation only",487-488,512-513,0,371-375,396-400,VSO,61,86,Chamorro grammar,Austronesian,,Chamorro,Papunesia,"Chung, Sandra",2020,754,grammar
kmn,Awtuw,feldman1986grammar,"Clause-final question particle, Clause-medial question particle, Interrogative intonation only",142-143,148-149,1,57,63,SOV,87,93,A grammar of Awtuw,Sepik,,Ram,Papunesia,"Feldman, Harry",1983,395,grammar
mpt,Mian,fedden2011grammar,"Clause-final question particle, Clause-initial question particle, Clause-medial question particle, Interrogative verb morphology",385-389,411-415,1,158,184,SOV,"9, 331, 363","35, 357, 389",A Grammar of Mian,Trans-New Guinea,Awyu-Ok,Ok,Papunesia,"Fedden, Sebastian Olcher",2011,629,grammar
cao,Chácobo,tallman2018grammar,"Clause-medial question particle, Interrogative verb morphology",223-228,266-271,1,217,260,No dominant order,"313, 523","356, 566","A Grammar of Chácobo, a southern Pano language of the northern Bolivian Amazon",Pano-Tacanan,,Panoan,South America,"Tallman, Adam J. R.",2018,1422,grammar
jup,Hup,epps2005grammar,Interrogative word order,784,801,1,874-876,891-893,SOV,905,912,A Grammar of Hup,Nadahup,,Nadahup,South America,"Epps, Patience",2005,1134,grammar
xwa,Kwaza,voort2004grammar,"Interrogative intonation only, Interrogative verb morphology",297,335,1,519,557,No dominant order,91,129,A Grammar of Kwaza,Kwaza,,Kwaza,South America,"van der Voort, Hein",2004,1064,grammar
hub,Huambisa,pena2015grammar,Not mentioned in the grammar,,,1,637,677,SOV,711,751,A grammar of Wampis,Jivaroan,,Jivaroan,South America,"Peña, Jaime G.",2015,971,grammar
cod,Cocama,vallejos2010grammar,"Interrogative intonation only, Interrogative word order, Second position question particle",537-542,566-571,0,"171-172, 530-535","200-201, 559-564",No dominant order,"44, 342","73, 371",A grammar of Kokama-Kokamilla,Tupian,,Maweti-Guarani,South America,"Vallejos Yopán, Rosa",2010,947,grammar
tri,Tiriyo,meira1999grammar,Interrogative intonation only,560,581,0,558-559 (error in Grambank?),579-580,OVS,582,603,A Grammar of Tiriyó,Cariban,,Cariban,South America,"Meira, Sérgio",1999,726,grammar
tca,Ticuna,bertet2020aspects,Not mentioned in the grammar,,,0,519-522 (error in Grambank?),524-527,No dominant order,51,56,"Aspects of Tikuna grammar (San Martín de Amacayacu variety, Colombia): Phonology, nominal phrase, predicative phrase",Ticuna,,Ticuna,South America,"Bertet, Denis",2020,668,grammar
huu,Huitoto (Murui),wojtylak2020grammar,Interrogative intonation only,475-476,500-501,1,429,454,SOV,312,337,A Grammar of Murui (Bue): A Witotoan language of Northwest Amazonia,Witotoan,,Witoto,South America,"Wojtylak, Katarzyna I.",2017,637,grammar
iqu,Iquito,lai2009time,Interrogative intonation only,170,188,0,51-61,69-79,SVO,45-46,63-64,Time in the Iquito Language,Zaparoan,,Zaparoan,South America,"Lai, I-Wen",2009,629,grammar
mzp,Movima,haude2006grammar,Interrogative intonation only,"51-52, 127, 313","74-75, 150, 336",0,316-317,339-340,No dominant order,258,281,A Grammar of Movima,Movima,,Movima,South America,"Haude, Katharina",2006,614,grammar
boa,Bora,thiesen2012grammar,Clause-initial question particle,349,383,1,326,360,No dominant order,Preface: xxvii,27,A Grammar of Bora with Special Attention to Tone,Boran,,Boran,South America,"Thiesen, Wesley and Weber, David",2012,583,grammar
pav,Wari',kern1997wari,Interrogative intonation only,11-14,24-27,1,"50, 168-173 (verb compound)","63, 181-186",VOS,"7, 128","20, 141",Wari': the Pacaas Novos language of Western Brazil,Chapacura-Wanham,,Chapacura-Wanham,South America,"Everett, Daniel L. and Kern, Barbara",1997,530,grammar
ayr,Aymara (Central),wexler1967beginning,"Clause-final question particle, Clause-medial question particle","3, 37","28, 62",1,25,50,SOV,61,86,Beginning Aymara. A course for English speakers,Aymaran,,Aymaran,South America,"Wexler, Paul",1967,502,grammar
tpy,Trumai,guirardello1999reference,"Clause-final question particle, Clause-medial question particle, Interrogative intonation only",230,258,0,232-236,260-264,No dominant order,228-229,256-257,A Reference Grammar of Trumai,Trumai,,Trumai,South America,"Guirardello, Raquel",1999,475,grammar
apn,Apinayé,de2005language,"Clause-initial question particle, Interrogative intonation only",226,240,0,248-253,262-267,SOV,Abstract: v,5,The Language of the Apinajé People of Central Brazil,Macro-Ge,Je,Je Setentrional,South America,"Cunha de Oliveira, Christiane",2005,445,grammar
yad,Yagua,payne1985aspects,Second position question particle,91-92,114-115,0,86-91,109-114,No dominant order,25-26,48-49,Aspects of the Grammar of Yagua: A Typological Perspective (Peru),Peba-Yaguan,,Peba-Yaguan,South America,"Payne, Doris Lander",1985,441,grammar
cbv,Cacua,bolanos2016grammar,Clause-final question particle,328-329,349-350,1,"106, 249","128, 271",SOV,305,326,A Grammar of Kakua,Cacua-Nukak,,Cacua-Nukak,South America,"Bolaños, Katherine",2016,415,grammar
yuz,Yuracare,van2006grammar,Interrogative intonation only,288,303,0,286-290,301-305,No dominant order,"12, 93, 143","27, 108, 158",A Grammar of Yurakaré,Yuracare,,Yuracare,South America,"van Gijn, Erik",2006,372,grammar
kvn,Kuna,forster2011paya,Interrogative intonation only,"25 (error in Grambank, the verbal suffix indicates a leading question)",38,1,206,219,SOV,19,32,Paya Kuna: An introductory grammar,Chibchan,,Kuna,South America,"Forster, D. Keith",2011,331,grammar
ure,Uru,hannss2008uchumataqu,"Clause-final question particle, Interrogative word order",280-281,297-298,0,262-265,279-282,SOV,"5, 139, 142, 276","22, 156, 159, 293",Uchumataqu: The lost language of the Urus of Bolivia. A grammatical description of the language as documented between 1894 and 1952,Uru-Chipaya,,Uru-Chipaya,South America,"Hannß, Katja",2008,330,grammar
kbh,Camsá,o2018grammatical,"Clause-final question particle, Interrogative verb morphology",229-230,242-243,1,222-223,235-236,No dominant order,27-29,40-42,A grammatical description of Kamsá: A language isolate of Colombia,Camsá,,Camsá,South America,"O'Brien, Colleen Alena",2018,278,grammar
wba,Warao,romero1997reference,Interrogative verb morphology,22-23,29-30,1,27,34,OSV,"8, 36","15, 43",A Reference Grammar of Warao,Warao,,Warao,South America,"Romero-Figeroa, Andrés",1997,141,grammar
cui,Cuiba,berg1973cuiva,Not mentioned in the grammar,,,1,"14, 22","24, 32",SOV,"11, 12","21, 22",The Cuiva language grammar,Guahiban,,Guahiban,South America,"Berg, Marie and Kerr, Isabel",1973,112,grammar_sketch
apu,Apurinã,facundes2000language,Interrogative intonation only,536,567,1,530-533,561-564,SVO,53,84,The Language of the Apurinã People of Brazil (Maipure/Arawak),Arawakan,,Purus,South America,"Facundes, Sidney da Silva",2000,705,grammar
kbc,Kadiwéu,sandalo1995grammar,Not mentioned in the grammar,,,1,46-47,56-57,No dominant order,64-66,74-76,A Grammar of Kadiweu,Guaicuruan,,Kadiwéu,South America,"Sandalo, Maria Filomena",1995,291,grammar
kpj,Karajá,ribeiro2012grammar,Second position question particle,65,76,1,62-63,73-74,SOV,41,52,A grammar of Karajá,Macro-Ge,,Karajá,South America,"Ribeiro, Eduardo Rivail",2012,301,grammar